school,number_applicants,accept_rate,sat_25_75,act_25_75,act_25th,act_75th,sat_25th,sat_75th
Stanford University,47452,4.3,1440-1570,32-35,32.0,35.0,1440.0,1570.0
Harvard College,42749,4.7,1460-1580,33-35,33.0,35.0,1460.0,1580.0
Princeton University,35370,5.5,1440-1570,32-35,32.0,35.0,1440.0,1570.0
Columbia University,40203,5.5,1450-1560,33-35,33.0,35.0,1450.0,1560.0
Yale University,36844,6.1,1460-1570,33-35,33.0,35.0,1460.0,1570.0
California Institute of Technology,8367,6.4,​​ 1530-1560,35-36,35.0,36.0,1530.0,1560.0
Massachusetts Institute of Technology,21706,6.7,​​ 1500-1570,34-36,34.0,36.0,1500.0,1570.0
Brown University,38674,7.1,​​ 1440-1570,33-35,33.0,35.0,1440.0,1570.0
University of Chicago,32283,7.3,​​ 1490-1570,33-35,33.0,35.0,1490.0,1570.0
Pomona College,10401,7.4,1390-1540,32-35,32.0,35.0,1390.0,1540.0
University of Pennsylvania,44961,7.7,1450-1560,33-35,33.0,35.0,1450.0,1560.0
Dartmouth College,23650,7.9,1440-1560,32-35,32.0,35.0,1440.0,1560.0
Bowdoin College,9332,8.8,1330-1520,31-34,31.0,34.0,1330.0,1520.0
Duke University,35767,8.9,1450-1570,33-35,33.0,35.0,1450.0,1570.0
Swarthmore College,11442,8.9,1380-1540,31-35,31.0,35.0,1380.0,1540.0
Northwestern University,40585,9.1,1440-1550,33-35,33.0,35.0,1440.0,1550.0
Vanderbilt University,37310,9.1,1460-1560,33-35,33.0,35.0,1460.0,1560.0
Claremont McKenna College,6066,10.3,1360-1510,31-34,31.0,34.0,1360.0,1510.0
Johns Hopkins University,29129,10.6,1470-1560,33-35,33.0,35.0,1470.0,1560.0
Cornell University,49114,10.9,1400-1560,32-35,32.0,35.0,1400.0,1560.0
Rice University,20923,11.1,1450-1560,33-35,33.0,35.0,1450.0,1560.0
Amherst College,10569,11.3,1410-1550,31-34,31.0,34.0,1410.0,1550.0
Barnard College,9320,11.8,1340-1520,31-34,31.0,34.0,1340.0,1520.0
Bates College,8222,12.1,1270-1480,29-33,29.0,33.0,1270.0,1480.0
University of California—​Los Angeles,111322,12.3,1290-1510,27-34,27.0,34.0,1290.0,1510.0
Tulane University,42185,12.9,1360-1520,31-33,31.0,33.0,1360.0,1520.0
University of Southern California,64352,13.0,1350-1530,30-34,30.0,34.0,1350.0,1530.0
Williams College,9560,13.0,1410-1550,32-35,32.0,35.0,1410.0,1550.0
Colby College,12313,13.0,1350-1510,31-33,31.0,33.0,1350.0,1510.0
Pitzer College,4358,13.3,1340-1490,30-33,30.0,33.0,1340.0,1490.0
Colorado College,9456,13.5,1300-1480,29-33,29.0,33.0,1300.0,1480.0
Harvey Mudd College,4045,13.7,1490-1570,33-35,33.0,35.0,1490.0,1570.0
Georgetown University,22872,14.5,1370-1530,31-34,31.0,34.0,1370.0,1530.0
University of California—​Berkeley,89621,14.8,1300-1530,28-34,28.0,34.0,1300.0,1530.0
Tufts University,22766,15.0,1390-1540,32-34,32.0,34.0,1390.0,1540.0
Washington University in St. Louis,31320,15.0,1470-1570,32-35,32.0,35.0,1470.0,1570.0
Middlebury College,9754,15.4,1360-1530,32-34,32.0,34.0,1360.0,1530.0
Carnegie Mellon University,27634,15.4,1460-1560,33-35,33.0,35.0,1460.0,1560.0
University of Notre Dame,22200,15.8,1400-1550,32-35,32.0,35.0,1400.0,1550.0
The Cooper Union,2447,16.0,1283-1510,31-34,31.0,34.0,1283.0,1510.0
New York University,79462,16.2,1370-1510,30-34,30.0,34.0,1370.0,1510.0
Haverford College,4963,16.3,1380-1540,32-34,32.0,34.0,1380.0,1540.0
Wesleyan University,13264,16.5,1320-1510,31-34,31.0,34.0,1320.0,1510.0
Hamilton College,8279,16.5,1370-1520,32-34,32.0,34.0,1370.0,1520.0
Northeastern University,62263,18.1,1390-1540,32-35,32.0,35.0,1390.0,1540.0
Davidson College,5982,18.1,1310-1485,30-33,30.0,33.0,1310.0,1485.0
Emory University,27559,18.5,1350-1520,31-34,31.0,34.0,1350.0,1520.0
Carleton College,7382,19.0,1360-1540,31-34,31.0,34.0,1360.0,1540.0
Georgia Institute of Technology,36856,20.6,1300-1510,29-34,29.0,34.0,1300.0,1510.0
Washington and Lee University,5855,21.2,1348-1490,31-34,31.0,34.0,1348.0,1490.0
Wellesley College,6395,21.6,1360-1530,31-34,31.0,34.0,1360.0,1530.0
Boston University,64481,22.1,1330-1500,30-33,30.0,33.0,1330.0,1500.0
Colgate University,9951,22.6,1330-1500,31-34,31.0,34.0,1330.0,1500.0
University of North Carolina—​Chapel Hill,42466,22.6,1300-1490,27-33,27.0,33.0,1300.0,1490.0
University of Michigan—​Ann Arbor,64972,22.9,1340-1530,31-34,31.0,34.0,1340.0,1530.0
Vassar College,8961,23.7,1370-1530,31-34,31.0,34.0,1370.0,1530.0
Rhode Island School of Design,3913,23.9,1180-1440,26-32,26.0,32.0,1180.0,1440.0
University of Virginia,40839,23.9,1340-1500,30-34,30.0,34.0,1340.0,1500.0
Grinnell College,7349,24.4,1370-1530,30-34,30.0,34.0,1370.0,1530.0
Babson College,6362,24.0,1270-1450,28-32,28.0,32.0,1270.0,1450.0
University of California—​Irvine,95568,26.5,1180-1440,--,0.0,0.0,1180.0,1440.0
University of Miami,38919,27.1,1280-1420,29-32,29.0,32.0,1280.0,1420.0
Boston College,35552,27.2,1370-1490,31-34,31.0,34.0,1370.0,1490.0
Villanova University,22909,28.2,1320-1470,31-34,31.0,34.0,1320.0,1470.0
University of Richmond,12356,28.3,1290-1460,30-33,30.0,33.0,1290.0,1460.0
California State Polytechnic University—​San Luis Obispo,54072,28.4,1250-1420,26-32,26.0,32.0,1250.0,1420.0
Trinity University,9864,28.8,1290-1450,29-32,29.0,32.0,1290.0,1450.0
Case Western Reserve University,26642,29.3,1350-1520,30-34,30.0,34.0,1350.0,1520.0
University of Rochester,20216,29.5,1300-1500,29-33,29.0,33.0,1300.0,1500.0
University of California—​Santa Barbara,93457,29.6,1260-1460,25-33,25.0,33.0,1260.0,1460.0
Wake Forest University,12559,29.6,1320-1490,30-33,30.0,33.0,1320.0,1490.0
Skidmore College,11102,30.0,1220-1400,28-32,28.0,32.0,1220.0,1400.0
University of California—​San Diego,97901,30.2,1250-1470,26-33,26.0,33.0,1250.0,1470.0
Franklin and Marshall College,9502,30.4,1250-1460,28-32,28.0,32.0,1250.0,1460.0
Brandeis University,11798,31.1,1280-1500,29-33,29.0,33.0,1280.0,1500.0
Lafayette College,8521,31.5,1250-1440,28-33,28.0,33.0,1250.0,1440.0
American University,18984,31.5,1220-1380,27-31,27.0,31.0,1220.0,1380.0
University of Texas—​Austin,53525,31.8,1240-1470,27-33,27.0,33.0,1240.0,1470.0
Scripps College,3022,32.0,1333-1490,30-33,30.0,33.0,1333.0,1490.0
Lehigh University,15649,32.1,1280-1450,29-33,29.0,33.0,1280.0,1450.0
Macalester College,6598,32.3,1320-1510,29-33,29.0,33.0,1320.0,1510.0
Smith College,5597,32.5,1340-1520,30-33,30.0,33.0,1340.0,1520.0
Bryn Mawr College,3332,33.1,1290-1510,29-33,29.0,33.0,1290.0,1510.0
Trinity College (Hartford),6096,33.5,1300-1460,29-32,29.0,32.0,1300.0,1460.0
Denison University,8042,33.9,1210-1380,28-31,28.0,31.0,1210.0,1380.0
San Diego State University,69842,34.0,1110-1320,22-29,22.0,29.0,1110.0,1320.0
Kenyon College,6662,34.1,1270-1460,29-33,29.0,33.0,1270.0,1460.0
College of the Holy Cross,7200,34.2,1260-1430,28-32,28.0,32.0,1260.0,1430.0
Bucknell University,9845,34.2,1255-1430,28-32,28.0,32.0,1255.0,1430.0
Emerson College,12941,35.6,1200-1390,27-31,27.0,31.0,1200.0,1390.0
Pepperdine University,11265,35.7,1220-1420,26-32,26.0,32.0,1220.0,1420.0
Hampton University,13028,36.0,1040-1310,19-24,19.0,24.0,1040.0,1310.0
Oberlin College,7708,36.4,1280-1480,29-33,29.0,33.0,1280.0,1480.0
CUNY--Hunter,31030,36.4,1090-1260,--,0.0,0.0,1090.0,1260.0
Occidental College,7501,36.7,1300-1480,28-32,28.0,32.0,1300.0,1480.0
Connecticut College,6784,37.4,1310-1450,30-33,30.0,33.0,1310.0,1450.0
College of William and Mary,14680,37.7,1320-1510,30-34,30.0,34.0,1320.0,1510.0
Mount Holyoke College,3908,38.2,1270-1490,27-32,27.0,32.0,1270.0,1490.0
Berea College,1576,38.2,1030-1213,22-27,22.0,27.0,1030.0,1213.0
Pratt Institute,7941,38.5,1100-1320,26-30,26.0,30.0,1100.0,1320.0
Soka University of America,464,38.8,1180-1410,27-30,27.0,30.0,1180.0,1410.0
California State University--Los Angeles,39854,39.0,890-1080,15-20,15.0,20.0,890.0,1080.0
California State University--Long Beach,71297,39.3,1040-1250,20-26,20.0,26.0,1040.0,1250.0
Reed College,5815,39.5,1325-1520,30-34,30.0,34.0,1325.0,1520.0
Binghamton University—​SUNY,38755,39.8,1310-1440,28-32,28.0,32.0,1310.0,1440.0
Dickinson College,6426,40.1,1240-1410,28-32,28.0,32.0,1240.0,1410.0
University of Tulsa,8526,40.8,1180-1410,25-32,25.0,32.0,1180.0,1410.0
George Washington University,26968,40.9,1280-1470,29-33,29.0,33.0,1280.0,1470.0
University of California—​Davis,76647,41.2,1150-1410,25-31,25.0,31.0,1150.0,1410.0
Stevens Institute of Technology,9265,41.4,1330-1480,30-33,30.0,33.0,1330.0,1480.0
St. Lawrence University,6998,42.4,1160-1350,24-30,24.0,30.0,1160.0,1350.0
Union College (Schenectady NY),6086,42.9,1220-1420,27-32,27.0,32.0,1220.0,1420.0
Rensselaer Polytechnic Institute,20402,43.0,1330-1500,29-33,29.0,33.0,1330.0,1500.0
Bentley University,9252,43.2,1240-1410,28-32,28.0,32.0,1240.0,1410.0
CUNY--Baruch College,20303,43.4,1130-1330,--,0.0,0.0,1130.0,1330.0
Spelman College,9106,43.4,1080-1230,22-26,22.0,26.0,1080.0,1230.0
Loyola Marymount University,18592,43.8,1230-1410,27-31,27.0,31.0,1230.0,1410.0
University of Maryland—​College Park,32987,44.1,1280-1480,29-33,29.0,33.0,1280.0,1480.0
Stony Brook University—​SUNY,37079,44.1,1230-1440,26-32,26.0,32.0,1230.0,1440.0
Rhodes College,5207,44.7,1220-1430,27-32,27.0,32.0,1220.0,1430.0
North Carolina State University—​Raleigh,30995,44.9,1250-1390,27-31,27.0,31.0,1250.0,1390.0
Baylor University,34582,45.3,1200-1380,26-32,26.0,32.0,1200.0,1380.0
University of Dallas,4676,45.3,1150-1360,24-30,24.0,30.0,1150.0,1360.0
Gettysburg College,6269,45.4,1270-1420,26-30,26.0,30.0,1270.0,1420.0
Fordham University,46308,46.0,1250-1430,28-32,28.0,32.0,1250.0,1430.0
Texas Christian University,19028,47.1,1150-1350,25-31,25.0,31.0,1150.0,1350.0
Southern Methodist University,13959,47.3,1300-1480,29-33,29.0,33.0,1300.0,1480.0
Providence College,11478,47.5,1210-1350,27-31,27.0,31.0,1210.0,1350.0
St. Olaf College,5694,47.5,1190-1430,26-32,26.0,32.0,1190.0,1430.0
University of New Mexico,12281,48.6,1040-1270,19-25,19.0,25.0,1040.0,1270.0
University of Georgia,26027,48.6,1240-1410,27-32,27.0,32.0,1240.0,1410.0
University of San Diego,13755,48.7,1200-1350,26-31,26.0,31.0,1200.0,1350.0
University of Connecticut,34886,48.8,1210-1420,26-31,26.0,31.0,1210.0,1420.0
Santa Clara University,16300,48.8,1280-1440,28-32,28.0,32.0,1280.0,1440.0
Southwestern University,4766,49.0,1140-1320,23-29,23.0,29.0,1140.0,1320.0
Pennsylvania State University—​University Park,71903,49.1,1160-1370,25-30,25.0,30.0,1160.0,1370.0
Marist College,11260,49.2,1210-1360,26-31,26.0,31.0,1210.0,1360.0
The College of New Jersey,13824,49.3,1160-1360,25-30,25.0,30.0,1160.0,1360.0
Worcester Polytechnic Institute,10645,49.4,1310-1470,29-33,29.0,33.0,1310.0,1470.0
Syracuse University,34981,49.9,1180-1370,25-30,25.0,30.0,1180.0,1370.0
University of La Verne,7276,50.9,1020-1205,20-26,20.0,26.0,1020.0,1205.0
Clemson University,29070,51.3,1230-1400,27-32,27.0,32.0,1230.0,1400.0
Austin College,4360,51.3,1110-1290,24-29,24.0,29.0,1110.0,1290.0
University of California—​Santa Cruz,55906,51.5,1200-1360,24-30,24.0,30.0,1200.0,1360.0
University of Washington--Seattle,45579,51.8,1240-1440,27-33,27.0,33.0,1240.0,1440.0
California State University--Fullerton,50105,52.7,1030-1200,19-24,19.0,24.0,1030.0,1200.0
University of Wisconsin—​Madison,43921,53.0,1330-1450,27-32,27.0,32.0,1330.0,1450.0
Colorado School of Mines,11756,53.1,1260-1460,27-33,27.0,33.0,1260.0,1460.0
Chapman University,14198,53.6,1190-1370,25-30,25.0,30.0,1190.0,1370.0
Ohio State University—​Columbus,47703,53.7,1250-1460,28-32,28.0,32.0,1250.0,1460.0
Texas Lutheran University,2198,54.3,990-1160,19-25,19.0,25.0,990.0,1160.0
University at Albany—​SUNY,27529,54.3,1090-1250,22-28,22.0,28.0,1090.0,1250.0
Georgia Southern,13858,54.5,1050-1200,20-25,20.0,25.0,1050.0,1200.0
College of Wooster,6352,54.7,1150-1380,24-31,24.0,31.0,1150.0,1380.0
San Jose State University,36243,54.7,1040-1260,19-26,19.0,26.0,1040.0,1260.0
California State Polytechnic University--Pomona,36660,55.5,1030-1250,19-27,19.0,27.0,1030.0,1250.0
Whitman College,4832,55.8,1240-1450,28-33,28.0,33.0,1240.0,1450.0
Sarah Lawrence College,3325,55.8,1240-1420,27-32,27.0,32.0,1240.0,1420.0
New School,9911,56.6,1150-1360,24-30,24.0,30.0,1150.0,1360.0
University of Pittsburgh,32091,56.7,1260-1440,28-33,28.0,33.0,1260.0,1440.0
University of California Riverside,49788,56.7,1130-1340,24-30,24.0,30.0,1130.0,1340.0
University of Minnesota—​Twin Cities,40673,56.7,1260-1480,26-31,26.0,31.0,1260.0,1480.0
Hobart and William Smith Colleges,4526,56.9,1203-1360,27-30,27.0,30.0,1203.0,1360.0
Abilene Christian University,11569,57.0,1040-1230,21-27,21.0,27.0,1040.0,1230.0
Bennington College,1494,57.0,1230-1390,28-32,28.0,32.0,1230.0,1390.0
Birmingham-​Southern College,3628,57.0,1040-1250,22-28,22.0,28.0,1040.0,1250.0
Fairfield University,12315,57.1,1210-1350,26-30,26.0,30.0,1210.0,1350.0
Georgia State,19838,57.4,990-1190,21-26,21.0,26.0,990.0,1190.0
Texas A&M University—​College Station,42899,57.5,1160-1390,26-31,26.0,31.0,1160.0,1390.0
Saint Louis University,15120,57.5,1180-1370,25-31,25.0,31.0,1180.0,1370.0
St. John's College Annapolis,913,57.6,1210-1450,24-33,24.0,33.0,1210.0,1450.0
Lake Forest College,4147,57.9,1110-1310,23-29,23.0,29.0,1110.0,1310.0
Kennesaw State University,13427,57.9,1080-1270,21-26,21.0,26.0,1080.0,1270.0
California State University--Fresno,18122,57.9,950-1130,16-22,16.0,22.0,950.0,1130.0
Rollins College,6167,58.3,1160-1340,24-30,24.0,30.0,1160.0,1340.0
University of Hawaii at Manoa,16244,58.4,1070-1270,21-26,21.0,26.0,1070.0,1270.0
University of Denver,21028,58.7,1170-1350,26-31,26.0,31.0,1170.0,1350.0
Hampden-​Sydney College,3240,59.0,1050-1250,21-27,21.0,27.0,1050.0,1250.0
University of Illinois—​Urbana-​Champaign,43509,59.0,1220-1480,27-33,27.0,33.0,1220.0,1480.0
Millsaps College,4161,59.3,1080-1260,22-28,22.0,28.0,1080.0,1260.0
California State University--Northridge,30637,59.3,910-1130,16-22,16.0,22.0,910.0,1130.0
Clark University,7687,59.4,1200-1390,28-31,28.0,31.0,1200.0,1390.0
Lipscomb University,3638,59.5,1060-1320,22-29,22.0,29.0,1060.0,1320.0
Virginia Military Institute,1515,59.5,1090-1270,21-28,21.0,28.0,1090.0,1270.0
Purdue University—​West Lafayette,54912,59.8,1190-1440,25-32,25.0,32.0,1190.0,1440.0
Temple University,35599,60.0,1120-1320,24-30,24.0,30.0,1120.0,1320.0
Rutgers The State University of New Jersey—​New Brunswick,41348,60.1,1190-1410,25-31,25.0,31.0,1190.0,1410.0
Illinois Institute of Technology,5049,60.2,1190-1400,26-32,26.0,32.0,1190.0,1400.0
Yeshiva University,1508,60.3,1140-1400,22-30,22.0,30.0,1140.0,1400.0
Illinois Wesleyan University,3719,60.8,1120-1320,24-29,24.0,29.0,1120.0,1320.0
Furman University,5469,61.1,1230-1410,28-32,28.0,32.0,1230.0,1410.0
University at Buffalo—​SUNY,29900,61.1,1160-1340,24-29,24.0,29.0,1160.0,1340.0
Concordia College—​Moorhead,4160,61.2,1080-1368,21-27,21.0,27.0,1080.0,1368.0
SUNY College of Environmental Science and Forestry,2018,61.4,1120-1310,23-29,23.0,29.0,1120.0,1310.0
University of Portland,14505,61.5,1160-1330,23-29,23.0,29.0,1160.0,1330.0
Cornell College,3118,61.8,1100-1345,23-29,23.0,29.0,1100.0,1345.0
Muhlenberg College,4146,61.8,1170-1360,26-30,26.0,30.0,1170.0,1360.0
Gonzaga University,9279,61.9,1210-1358,25-30,25.0,30.0,1210.0,1358.0
Beloit College,3657,62.0,1080-1380,24-30,24.0,30.0,1080.0,1380.0
Lawrence University,3463,62.1,1200-1430,25-32,25.0,32.0,1200.0,1430.0
University of Utah,24404,62.1,1142.5-1380,22-29,22.0,29.0,1142.5,1380.0
Allegheny College,5208,62.2,1170-1360,24-30,24.0,30.0,1170.0,1360.0
University of Delaware,27691,62.4,1170-1350,25-30,25.0,30.0,1170.0,1350.0
Westmont College,2937,62.4,1110-1370,23-30,23.0,30.0,1110.0,1370.0
Luther College,4422,62.6,1050-1310,23-29,23.0,29.0,1050.0,1310.0
Rutgers The State University of New Jersey—​Newark,13259,62.7,1020-1190,19-24,19.0,24.0,1020.0,1190.0
Earlham College,2070,63.4,1100-1370,23-30,23.0,30.0,1100.0,1370.0
Augustana College,6211,63.6,1070-1280,22-29,22.0,29.0,1070.0,1280.0
Wofford College,3522,63.6,1180-1350,27-30,27.0,30.0,1180.0,1350.0
New Jersey Institute of Technology,8123,63.7,1190-1380,25-30,25.0,30.0,1190.0,1380.0
University of Massachusetts—​Amherst,42157,63.8,1190-1390,26-32,26.0,32.0,1190.0,1390.0
Wabash College,1307,64.2,1120-1320,23-29,23.0,29.0,1120.0,1320.0
DePauw University,4935,64.4,1130-1360,23-30,23.0,30.0,1130.0,1360.0
Drury University,1664,64.4,1045-1225,22-28,22.0,28.0,1045.0,1225.0
St. John Fisher College,4720,64.5,1070-1260,21-26,21.0,26.0,1070.0,1260.0
University of San Francisco,18411,64.6,1130-1330,23-29,23.0,29.0,1130.0,1330.0
Bard College,5141,64.6,1248-1420,27-31,27.0,31.0,1248.0,1420.0
Goshen College,1278,64.7,1010-1210,21-29,21.0,29.0,1010.0,1210.0
Agnes Scott College,1751,64.8,1130-1340,24-30,24.0,30.0,1130.0,1340.0
Virginia Polytechnic Institute and State University,31936,64.8,1180-1390,25-31,25.0,31.0,1180.0,1390.0
University of Houston,25393,65.0,1140-1310,22-27,22.0,27.0,1140.0,1310.0
University of North Carolina—​Charlotte,21867,65.0,1120-1290,22-26,22.0,26.0,1120.0,1290.0
Truman State University,4568,65.3,1080-1358,24-30,24.0,30.0,1080.0,1358.0
University of North Carolina—​Wilmington,13287,65.5,1170-1320,22-27,22.0,27.0,1170.0,1320.0
SUNY—​Geneseo,10433,65.5,1120-1310,23-28,23.0,28.0,1120.0,1310.0
Embry-​Riddle Aeronautical University,6017,65.5,1110-1320,22-29,22.0,29.0,1110.0,1320.0
University of the Pacific,13096,65.6,1130-1360,23-31,23.0,31.0,1130.0,1360.0
Rochester Institute of Technology,18948,66.0,1200-1400,27-32,27.0,32.0,1200.0,1400.0
Berry College,3970,66.1,1110-1310,23-29,23.0,29.0,1110.0,1310.0
Mississippi State University,18269,66.3,1070-1280,22-30,22.0,30.0,1070.0,1280.0
Sewanee—​University of the South,3545,66.7,1150-1340,25-30,25.0,30.0,1150.0,1340.0
Hanover College,7795,66.9,1078-1300,22-28,22.0,28.0,1078.0,1300.0
Coe College,7795,66.9,1078-1300,22-28,22.0,28.0,1078.0,1300.0
Randolph-​Macon College,2907,67.1,1020-1240,20-27,20.0,27.0,1020.0,1240.0
Loyola University Chicago,25583,67.2,1140-1320,25-30,25.0,30.0,1140.0,1320.0
University of Vermont,19233,67.3,1180-1360,26-31,26.0,31.0,1180.0,1360.0
San Francisco State University,34629,67.3,940-1150,17-23,17.0,23.0,940.0,1150.0
Brigham Young University—​Provo,10500,67.5,1210-1420,26-31,26.0,31.0,1210.0,1420.0
Drake University,6944,67.6,1100-1370,24-31,24.0,31.0,1100.0,1370.0
Stonehill College,6961,67.7,1120-1290,24-28.5,24.0,28.5,1120.0,1290.0
Elmhurst College,4175,67.8,990-1210,20-26,20.0,26.0,990.0,1210.0
Taylor University,2341,68.1,1080-1310,22-28,22.0,28.0,1080.0,1310.0
DePaul University,26895,68.2,1070-1290,--,0.0,0.0,1070.0,1290.0
Knox College,3397,68.3,1090-1350,24-31,24.0,31.0,1090.0,1350.0
Hofstra University,24425,68.5,1160-1340,25-30,25.0,30.0,1160.0,1340.0
Ithaca College,15278,68.5,1160-1338,25-30,25.0,30.0,1160.0,1338.0
California State University--San Bernardino,16307,68.6,910-1090,15-19,15.0,19.0,910.0,1090.0
University of South Carolina,31268,68.6,1180-1370,25-31,25.0,31.0,1180.0,1370.0
Albion College,4043,68.8,990-1200,21-27,21.0,27.0,990.0,1200.0
Presbyterian College (SC),2462,68.8,1010-1210,19-25,19.0,25.0,1010.0,1210.0
Texas Tech University,25384,68.9,1070-1260,22-27,22.0,27.0,1070.0,1260.0
Ohio Wesleyan University,4705,69.0,1060-1295,22-28,22.0,28.0,1060.0,1295.0
Ripon College,2619,69.0,1000-1210,20-27,20.0,27.0,1000.0,1210.0
Drew University,3788,69.2,1110-1310,25-30,25.0,30.0,1110.0,1310.0
Gustavus Adolphus College,4957,69.2,--,25-30,25.0,30.0,0.0,0.0
Central Michigan,16411,69.5,990-1200,20-26,20.0,26.0,990.0,1200.0
Oklahoma State University,15277,70.0,1040-1265,21-28,21.0,28.0,1040.0,1265.0
Bradley University,10708,70.2,1070-1270,22-28,22.0,28.0,1070.0,1270.0
Seton Hall University,19260,70.4,1150-1310,24-28,24.0,28.0,1150.0,1310.0
Biola University,4149,70.5,1080-1310,21-28,21.0,28.0,1080.0,1310.0
Ursinus College,3361,70.9,1140-1320,23-28,23.0,28.0,1140.0,1320.0
Montclair State,14324,70.9,990-1170,--,0.0,0.0,990.0,1170.0
Clarkson University,6885,71.1,1160-1350,24-30,24.0,30.0,1160.0,1350.0
Michigan State University,44322,71.1,1100-1320,23-29,23.0,29.0,1100.0,1320.0
Hollins University,3244,71.2,1070-1300,22-30,22.0,30.0,1070.0,1300.0
Creighton University,10112,71.4,1150-1350,24-30,24.0,30.0,1150.0,1350.0
California Lutheran University,5752,71.5,1070-1250,21-26,21.0,26.0,1070.0,1250.0
University of Mary Washington,5909,71.8,1050-1269,22-29,22.0,29.0,1050.0,1269.0
Christopher Newport University,7204,71.9,1110-1280,22-27,22.0,27.0,1110.0,1280.0
University of California—Merced,25368,72.0,980-1180,17-22,17.0,22.0,980.0,1180.0
Mercer University,5454,72.0,1180-1340,25-30,25.0,30.0,1180.0,1340.0
University of Dayton,17462,72.0,1120-1320,23-29,23.0,29.0,1120.0,1320.0
Lewis & Clark College,5863,72.2,1220-1400,27-31,27.0,31.0,1220.0,1400.0
Hendrix College,1545,72.2,1153-1390,26-32,26.0,32.0,1153.0,1390.0
University of Rhode Island,21259,72.3,1012-1345,20-29,20.0,29.0,1012.0,1345.0
California State University--Chico,25908,72.3,990-1180,18-24,18.0,24.0,990.0,1180.0
Stetson University,13005,72.4,1110-1300,22-29,22.0,29.0,1110.0,1300.0
Quinnipiac University,22753,72.5,1090-1260,23-28,23.0,28.0,1090.0,1260.0
Duquesne University,7411,72.5,1130-1300,23-28,23.0,28.0,1130.0,1300.0
University of Illinois—​Chicago,22696,72.7,1030-1260,21-28,21.0,28.0,1030.0,1260.0
University of Akron,14553,73.0,990-1230,19-25,19.0,25.0,990.0,1230.0
St. John's University (NY),27276,73.1,1070-1270,23-29,23.0,29.0,1070.0,1270.0
University of Cincinnati,23296,73.1,1160-1370,24-29,24.0,29.0,1160.0,1370.0
Simmons University,2933,73.1,1110-1290,23-29,23.0,29.0,1110.0,1290.0
Wayne State University,15716,73.1,1010-1230,21-27,21.0,27.0,1010.0,1230.0
Butler University,14891,73.2,1150-1330,24-30,24.0,30.0,1150.0,1330.0
Point Loma Nazarene University,3277,73.7,1140-1310,24-29,24.0,29.0,1140.0,1310.0
University of North Texas,21540,73.7,1060-1250,20-26,20.0,26.0,1060.0,1250.0
University of North Georgia,6498,73.7,1108-1273,22-27,22.0,27.0,1108.0,1273.0
Xavier University,15100,73.8,1070-1250,22-28,22.0,28.0,1070.0,1250.0
Wheaton College (MA),3460,73.9,1150-1340,27-32,27.0,32.0,1150.0,1340.0
Eastern Michigan,14323,74.1,970-1190,19-25,19.0,25.0,970.0,1190.0
University of Washington--Bothell,4242,74.1,1038-1250,19-28,19.0,28.0,1038.0,1250.0
Adelphi University,13006,74.2,1080-1270,22-27,22.0,27.0,1080.0,1270.0
Baldwin Wallace University,3926,74.2,1030-1250,21-27,21.0,27.0,1030.0,1250.0
Michigan Technological University,5978,74.3,1170-1370,25-30,25.0,30.0,1170.0,1370.0
Drexel University,31824,74.7,1190-1390,25-31,25.0,31.0,1190.0,1390.0
University of Redlands,4713,75.0,1100-1250,23-28,23.0,28.0,1100.0,1250.0
Loyola University New Orleans,5857,75.0,1050-1260,22-28,22.0,28.0,1050.0,1260.0
California State University--Monterey Bay,12327,75.3,960-1170,17-23,17.0,23.0,960.0,1170.0
Whittier College,6220,75.9,1030-1213,20-25,20.0,25.0,1030.0,1213.0
Kalamazoo College,3576,76.0,1170-1370,25-31,25.0,31.0,1170.0,1370.0
Towson University,12678,76.3,1060-1220,20-25,20.0,25.0,1060.0,1220.0
Centre College,2212,76.4,1130-1380,26-32,26.0,32.0,1130.0,1380.0
University of Texas San Antonio,17122,76.6,1030-1220,19-25,19.0,25.0,1030.0,1220.0
Ball State,23305,76.7,--,--,0.0,0.0,0.0,0.0
James Madison University,23578,76.8,1120-1290,23-28,23.0,28.0,1120.0,1290.0
Appalachian State University,16664,76.8,1100-1270,22-28,22.0,28.0,1100.0,1270.0
Indiana University—​Bloomington,44169,76.9,1150-1360,24-31,24.0,31.0,1150.0,1360.0
High Point University,10098,76.9,1090-1250,22-27,22.0,27.0,1090.0,1250.0
Virginia Commonwealth University,18622,77.1,1070-1260,21-28,21.0,28.0,1070.0,1260.0
University of Arkansas—​Fayetteville,17913,77.1,1120-1300,23-30,23.0,30.0,1120.0,1300.0
John Brown University,1094,77.1,1060-1365,23-30,23.0,30.0,1060.0,1365.0
University of Idaho,8071,77.8,1010-1240,20-27,20.0,27.0,1010.0,1240.0
University of Missouri,18948,77.8,1090-1290,23-29,23.0,29.0,1090.0,1290.0
Willamette University,3972,77.9,1140-1340,31-35,31.0,35.0,1140.0,1340.0
University of Nebraska—​Lincoln,16829,78.2,1120-1360,22-28,22.0,28.0,1120.0,1360.0
Carroll College,2709,78.3,1070-1270,22-28,22.0,28.0,1070.0,1270.0
College of Charleston,11783,78.3,1080-1260,22-28,22.0,28.0,1080.0,1260.0
University of Colorado—​Boulder,40740,78.4,1140-1350,25-31,25.0,31.0,1140.0,1350.0
Elon University,10500,78.4,1160-1320,25-30,25.0,30.0,1160.0,1320.0
Seattle University,7968,78.5,1160-1330,24-30,24.0,30.0,1160.0,1330.0
University of Texas—​Dallas,14327,78.6,1240-1460,26-33,26.0,33.0,1240.0,1460.0
East Carolina,19234,78.7,1030-1190,19-24,19.0,24.0,1030.0,1190.0
University of Tennessee,21764,78.8,1150-1330,24-30,24.0,30.0,1150.0,1330.0
University of Texas Arlington,12335,79.5,1060-1260,20-26,20.0,26.0,1060.0,1260.0
Pacific Lutheran University,3740,79.8,1070-1270,20-28,20.0,28.0,1070.0,1270.0
Western Michigan,17698,79.9,1000-1210,19-26,19.0,26.0,1000.0,1210.0
Loyola University Maryland,10077,80.2,1143-1320,25-30,25.0,30.0,1143.0,1320.0
Miami University—​Oxford,28920,80.4,1210-1410,26-31,26.0,31.0,1210.0,1410.0
Goucher College,3154,80.4,1040-1290,22-29,22.0,29.0,1040.0,1290.0
University of Oklahoma,15673,80.4,1130-1310,23-29,23.0,29.0,1130.0,1310.0
Auburn University,20205,80.7,1150-1320,25-31,25.0,31.0,1150.0,1320.0
University of Nevada—​Las Vegas,12720,80.7,1030-1250,19-25,19.0,25.0,1030.0,1250.0
Boise State,10788,80.8,960-1180,21-26,21.0,26.0,960.0,1180.0
St. Mary's College of California,6069,81.0,1070-1240,22-28,22.0,28.0,1070.0,1240.0
Siena College,7728,81.1,1070-1280,22-28,22.0,28.0,1070.0,1280.0
University of North Dakota,4964,81.1,1010-1250,20-26,20.0,26.0,1010.0,1250.0
Texas State University,23583,81.1,1010-1180,19.3-25.3,19.3,25.3,1010.0,1180.0
Colorado State University,28319,81.4,1070-1290,23-29,23.0,29.0,1070.0,1290.0
University of Memphis,15381,81.4,1010-1230,19-26,19.0,26.0,1010.0,1230.0
West Virginia University,18639,81.6,1050-1240,21-27,21.0,27.0,1050.0,1240.0
University of Oregon,27358,81.6,1100-1310,22-28,22.0,28.0,1100.0,1310.0
University of St. Thomas (MN),6819,81.9,1130-1380,24-29,24.0,29.0,1130.0,1380.0
St. Mary's College (IN),1862,81.9,1050-1260,22-28,22.0,28.0,1050.0,1260.0
Illinois State,16151,81.9,1020-1220,20-26,20.0,26.0,1020.0,1220.0
Ohio University,24179,82.1,1050-1260,21-26,21.0,26.0,1050.0,1260.0
California State University--Sacramento,27576,82.3,940-1140,16-22,16.0,22.0,940.0,1140.0
University of North Carolina—​Greensboro,9972,82.4,1000-1160,19-24,19.0,24.0,1000.0,1160.0
University of Iowa,25928,82.6,1130-1340,22-29,22.0,29.0,1130.0,1340.0
St. Michael's College,4040,82.6,1140-1320,25-29,25.0,29.0,1140.0,1320.0
University of Alaska Anchorage,3673,83.0,1020-1220,17-24,17.0,24.0,1020.0,1220.0
Marquette University,15078,83.0,1120-1320,24-29,24.0,29.0,1120.0,1320.0
College of St. Benedict,1931,83.4,990-1210,22-27,22.0,27.0,990.0,1210.0
Oregon State University,15786,83.6,1080-1320,21-28,21.0,28.0,1080.0,1320.0
The Catholic University of America,6096,83.7,1140-1320,24-30,24.0,30.0,1140.0,1320.0
University of Puget Sound,5182,83.8,1150-1370,25-30,25.0,30.0,1150.0,1370.0
University of New Hampshire,18040,84.0,1070-1270,22-28,22.0,28.0,1070.0,1270.0
Missouri University of Science & Technology,4333,84.2,1180-1380,25-31,25.0,31.0,1180.0,1380.0
St. Mary's College of Maryland,1621,84.3,1060-1290,21-29,21.0,29.0,1060.0,1290.0
University of Arizona,40854,84.6,1120-1350,21-29,21.0,29.0,1120.0,1350.0
Susquehanna University,4863,84.8,1100-1290,22-28,22.0,28.0,1100.0,1290.0
Arizona State University—​Tempe,26869,84.8,1130-1360,22-29,22.0,29.0,1130.0,1360.0
Wheaton College (IL),1889,84.8,1220-1440,26-32,26.0,32.0,1220.0,1440.0
Northern Arizona,36855,85.0,1030-1230,19-25,19.0,25.0,1030.0,1230.0
Washington and Jefferson College,2722,85.2,1090-1280,22-28,22.0,28.0,1090.0,1280.0
Kent State,16308,85.5,1040-1230,20-26,20.0,26.0,1040.0,1230.0
Mills College,1003,85.5,1008-1240,21-29,21.0,29.0,1008.0,1240.0
Hope College,3748,85.7,1130-1330,23-31,23.0,31.0,1130.0,1330.0
Valparaiso University,5491,85.8,1070-1290,22-29,22.0,29.0,1070.0,1290.0
George Mason University,19554,86.7,1110-1320,24-30,24.0,30.0,1110.0,1320.0
Old Dominion,13335,87.0,990-1200,18-24,18.0,24.0,990.0,1200.0
Missouri State,7581,87.9,1040-1240,21-27,21.0,27.0,1040.0,1240.0
University of Wisconsin Milwaukee,8280,88.5,1000-1398,20-25,20.0,25.0,1000.0,1398.0
Transylvania University,1702,88.7,1100-1310,24-30,24.0,30.0,1100.0,1310.0
Weber State,6853,89.1,--,18-24,18.0,24.0,0.0,0.0
University of Maine,13118,90.2,1050-1260,21-27,21.0,27.0,1050.0,1260.0
Humboldt State University,16335,90.9,980-1190,17-25,17.0,25.0,980.0,1190.0
Utah State,15276,91.0,1050-1310,21-28,21.0,28.0,1050.0,1310.0
Iowa State University,18246,92.1,1100-1340,22-28,22.0,28.0,1100.0,1340.0
Washington College,2225,92.4,1090-1300,20-29,20.0,29.0,1090.0,1300.0
University of Montana,6182,92.6,1060-1270,21-26,21.0,26.0,1060.0,1270.0
Samford University,3912,92.9,1070-1250,23-29,23.0,29.0,1070.0,1250.0
University of Kansas,15093,93.1,--,23-29,23.0,29.0,0.0,0.0
University of Kentucky,19324,94.5,1080-1300,23-29,23.0,29.0,1080.0,1300.0
University of Toledo,10228,95.1,1000-1240,20-26,20.0,26.0,1000.0,1240.0
Kansas State University,8140,95.7,--,22-28,22.0,28.0,0.0,0.0
Portland State,7821,96.1,1010-1230,18-25,18.0,25.0,1010.0,1230.0
Queens University of Charlotte,2319,96.2,1040-1240,21-27,21.0,27.0,1040.0,1240.0
Western Kentucky,8245,97.3,990-1220,19-27,19.0,27.0,990.0,1220.0
United States Naval Academy,16332,8.3,1240-1520,27-32,27.0,32.0,1240.0,1520.0
United States Military Academy,11675,10.3,1160-1380,25-30,25.0,30.0,1160.0,1380.0
United States Air Force Academy,10354,11.1,1230-1440,28-33,28.0,33.0,1230.0,1440.0
United States Coast Guard Academy,2274,12.8,1245-1420,26-31,26.0,31.0,1245.0,1420.0
United States Merchant Maritime Academy,1693,24.8,1200-1340,25-31,25.0,31.0,1200.0,1340.0
Howard University,20946,31.6,1140-1285,22-27,22.0,27.0,1140.0,1285.0
Florida State University,58936,36.0,1200-1340,26-30,26.0,30.0,1200.0,1340.0
Hillsdale College,2208,36.0,1275-1465,29-32,29.0,32.0,1275.0,1465.0
University of Central Florida,35240,38.2,1160-1340,25-29,25.0,29.0,1160.0,1340.0
University of Florida,38905,38.8,1280-1440,27-32,27.0,32.0,1280.0,1440.0
University of South Florida,36986,47.7,1170-1330,25-29,25.0,29.0,1170.0,1330.0
Gallaudet University,496,57.1,793-1078,15-20,15.0,20.0,793.0,1078.0
Florida International,18492,57.5,1240-1300,23-28,23.0,28.0,1240.0,1300.0
Morehouse College,3554,57.9,1010-1210,20-25,20.0,25.0,1010.0,1210.0
University of Alabama,37302,59.1,1060-1280,23-31,23.0,31.0,1060.0,1280.0
Milwaukee School of Engineering,3552,61.7,--,25-30,25.0,30.0,0.0,0.0
Florida Institute of Technology,9743,65.7,1150-1360,24-30,24.0,30.0,1150.0,1360.0
Louisiana State University—​Baton Rouge,24501,74.6,1080-1310,23-29,23.0,29.0,1080.0,1310.0
The Citadel,2742,74.7,1050-1230,20-25,20.0,25.0,1050.0,1230.0
New College of Florida,1340,76.8,1220-1420,26-31,26.0,31.0,1220.0,1420.0
Thomas Aquinas College,211,77.7,1220-1400,25-30,25.0,30.0,1220.0,1400.0
University of Texas Rio Grande Valley,10680,79.8,950-1130,17-22,17.0,22.0,950.0,1130.0
University of South Dakota,4434,86.4,990-1180,19-25,19.0,25.0,990.0,1180.0
University of Mississippi,15371,88.1,1050-1270,21-29,21.0,29.0,1050.0,1270.0
University of Wyoming,5348,96.0,1060-1280,22-28,22.0,28.0,1060.0,1280.0
University of Texas El Paso,7157,99.9,820-1050,17-23,17.0,23.0,820.0,1050.0
